title,price,img
Guitarra Tagima TG530 Woodstock - Olympic White, 1141.00,https://images.tcdn.com.br/img/img_prod/1139574/guitarra_tagima_tg530_woodstock_olympic_white_16887_2_157743f1af651914ce10b0e6b3585952.jpg
Guitarra Strinberg STS100 Strato Canhoto - Preta, 1069.68,https://images.tcdn.com.br/img/img_prod/1139574/guitarra_strinberg_sts100_canhoto_preta_16769_1_12d7348bc750ed31840340bbd37627cc.jpg
Guitarra Strinberg STS100 Strato - Branca, 927.05,https://images.tcdn.com.br/img/img_prod/1139574/guitarra_strinberg_sts100_branca_16615_1_7a7916a35b79bacde023fba82b3ee202.jpg
Guitarra Strinberg LPS200 Les Paul Vinho, 1265.81,https://images.tcdn.com.br/img/img_prod/1139574/guitarra_strinberg_lps200_les_paul_vinho_16367_1_3571c1a99649857a8dcd8592fc92f07d.jpg
Guitarra Yamaha Pacifica PAC012 - Branca, 1560.00,https://images.tcdn.com.br/img/img_prod/1139574/guitarra_yamaha_pacifica_pac012_branca_27567_1_0219af004058671562e82867f4bb0cb7.jpg
Guitarra Tagima TG540 Woodstock - Sunburst, 1381.70,https://images.tcdn.com.br/img/img_prod/1139574/guitarra_tagima_tg540_woodstock_sunburst_27483_1_7225afecc339547705844cf67094409c.jpg
Guitarra Seizi Vintage Shinobi Ash SSS Seymour Duncan - Sunburst Purple Heart, 5125.92,https://images.tcdn.com.br/img/img_prod/1139574/guitarra_seizi_vintage_shinobi_ash_sss_seymour_duncan_sunburst_purple_heart_27481_1_7e748e5fe7a8766488e8f2ba9972c398.jpeg
Guitarra Seizi Vintage Shinobi Ash SSS Seymour Duncan - Fiesta Red, 4813.90,https://images.tcdn.com.br/img/img_prod/1139574/guitarra_seizi_vintage_shinobi_ash_sss_seymour_duncan_fiesta_red_27479_1_96f18eca1a8ea9ee36c52fa20e3ad91a.jpeg
Guitarra Tagima Brasil T800 Strato - Sunburst, 4189.86,https://images.tcdn.com.br/img/img_prod/1139574/guitarra_tagima_t800_vsb_lf_wh_sunburst_27033_1_74ef2f8131f7ba07baabce1f54372f1f.jpeg
Guitarra Seizi Vintage Shinobi Ash SSS - White Maple, 1809.61,https://images.tcdn.com.br/img/img_prod/1139574/guitarra_seizi_vintage_shinobi_ash_sss_white_maple_27019_1_db2719a65ceebd1aecd0d62c84e8862a.jpg
Guitarra Seizi Vintage Shinobi Ash SSS - Fiesta Red, 1809.61,https://images.tcdn.com.br/img/img_prod/1139574/guitarra_seizi_vintage_shinobi_ash_sss_fiesta_red_27017_1_418fae92aa08f6a73312fd468d9242a6.jpg
Guitarra Seizi Vintage Shinobi Ash SSS - Sunburst Purple Heart, 2130.55,https://images.tcdn.com.br/img/img_prod/1139574/guitarra_seizi_vintage_shinobi_ash_sss_sunburst_purple_heart_27015_1_6fd9bf48a5b37a4156484c3469da2ed5.jpg
Guitarra Seizi Vintage Budokan HSS - White Maple, 1961.16,https://images.tcdn.com.br/img/img_prod/1139574/guitarra_seizi_vintage_budokan_hss_white_maple_27013_1_01d538bd437987e68c12bee69a60eaa8.jpg
Guitarra Strinberg STS100 Strato - Sunburst Satin, 927.05,https://images.tcdn.com.br/img/img_prod/1139574/guitarra_strinberg_sts100_sunburst_satin_26925_1_e1fc391ca47d756a7fe1a3796feb03fc.jpg
Guitarra EWA EWR20 Strato - Vermelha, 1247.98,https://images.tcdn.com.br/img/img_prod/1139574/guitarra_ewa_ewr20_strato_vermelha_26902_1_ef6f69d93b3e3d6a19babbe30d0c4daa.jpg
Guitarra EWA EWR20 Strato - Preta, 1247.98,https://images.tcdn.com.br/img/img_prod/1139574/guitarra_ewa_ewr20_strato_preta_26900_1_c65321632d4a1cb7c9c56522ea73144e.jpg
Guitarra EWA EWR10 Strato - Branca, 1087.51,https://images.tcdn.com.br/img/img_prod/1139574/guitarra_ewa_ewr10_strato_branca_26675_1_276f2ef73081ec7141f5693fecb331d6.jpeg
Guitarra EWA EWR10 Strato - Vermelha, 1087.51,https://images.tcdn.com.br/img/img_prod/1139574/guitarra_ewa_ewr10_strato_vermelha_26673_1_d98e5b122bc96afc4b31025881e62914.jpg
Guitarra EWA EWR10 Strato - Preta, 1087.51,https://images.tcdn.com.br/img/img_prod/1139574/guitarra_ewa_ewr10_strato_preta_26671_1_3678d838ee4835445c8df9464372c3b0.jpeg
Guitarra Tagima Brasil Stella - Honey burst, 4733.67,https://images.tcdn.com.br/img/img_prod/1139574/guitarra_tagima_brasil_stella_honey_burst_26624_1_f18afccaa65914129d071a3a0148a792.jpg
Guitarra Tagima TW61 Woodstock - Sunburst, 1533.25,https://images.tcdn.com.br/img/img_prod/1139574/guitarra_tagima_tw61_woodstock_sunburst_17233_1_c9d228abe312ac9bd64cf9b834ef129c.jpg
Guitarra Tagima TG500 Woodstock - Metallic Purple, 1123.17,https://images.tcdn.com.br/img/img_prod/1139574/guitarra_tagima_tg500_woodstock_metallic_purple_17215_1_1b6f4ff8babab73302cc43b4705df10e.jpg
Guitarra Tagima TW55 Telecaster - Butterscotch, 1328.21,https://images.tcdn.com.br/img/img_prod/1139574/guitarra_tagima_tw55_telecaster_butterscotch_16929_3_27a198e17c574cba4611489581b68371.jpg
Guitarra Vintage Icon V100 MR JBM Les Paul Joe Bonamassa - Top Gold, 4660.12,https://images.tcdn.com.br/img/img_prod/1139574/guitarra_vintage_icon_v100_mr_jbm_les_paul_joe_bonamassa_top_gold_16925_1_3418684232728d1095b93b41d761a8b2.jpg
Guitarra Tagima TW61 Woodstock - Branco Vintage, 1533.25,https://images.tcdn.com.br/img/img_prod/1139574/guitarra_tagima_tw61_woodstock_branco_vintage_16913_1_6acc17a51de75b27f475c51df9d66488.jpg
Guitarra Tagima TG530 Woodstock - Sunburst, 1141.00,https://images.tcdn.com.br/img/img_prod/1139574/guitarra_tagima_tg530_woodstock_sunburst_16895_2_85a169355f30dc2029fc2541ac0c7718.jpg
Guitarra Tagima TG530 Woodstock Lake Placid Blue, 1141.00,https://images.tcdn.com.br/img/img_prod/1139574/guitarra_tagima_tg530_woodstock_lake_placid_blue_16881_4_3350227ce790cb8a62b534bfdef714c3.png
Guitarra Tagima TG520 Woodstock - Metallic Gold Yellow, 1212.32,https://images.tcdn.com.br/img/img_prod/1139574/guitarra_tagima_tg520_woodstock_metallic_gold_yellow_16861_1_a1bd09d2bdebb9f9f1599124bf33e0a1.jpg
Guitarra Tagima T635 Classic - Sunburst, 1916.59,https://images.tcdn.com.br/img/img_prod/1139574/guitarra_tagima_t635_classic_sunburst_16855_1_583be6b861a0db879c449a526e280f4b.jpg
Guitarra Tagima T635 Classic - Surf Green, 1916.59,https://images.tcdn.com.br/img/img_prod/1139574/guitarra_tagima_t635_classic_surf_green_16843_1_f1e9d120f678113c0f928497a1a2311b.jpg
Guitarra Tagima T635 Classic - Fiesta Red, 1916.59,https://images.tcdn.com.br/img/img_prod/1139574/guitarra_tagima_t635_classic_fiesta_red_16839_1_e7b0afb000fdd81ac6ea1ea23d433aaf.jpg
Guitarra Tagima T635 Classic - Sunburst, 1916.59,https://images.tcdn.com.br/img/img_prod/1139574/guitarra_tagima_t635_classic_sunburst_16837_1_9cd6930693175279ccbb3967946cba71.jpg
Guitarra Tagima T635 Classic - Preta, 1916.59,https://images.tcdn.com.br/img/img_prod/1139574/guitarra_tagima_t635_classic_preta_16831_1_306692d04546ac1a6631424ac066f20a.jpg
Guitarra Tagima Brasil T910 SS BS Butterscotch, 3735.21,https://images.tcdn.com.br/img/img_prod/1139574/guitarra_tagima_brasil_t910_ss_bs_butterscotch_16797_1_a9506729fbdf9a84df44a32358d379a3.jpg
Guitarra Tagima Brasil T805 HSS Vermelho Transparente, 4100.72,https://images.tcdn.com.br/img/img_prod/1139574/guitarra_tagima_brasil_t805_hss_vermelho_transparente_16787_1_5e3a8a98bc010737419751cedce1a6fc.jpg
Guitarra Tagima Brasil T805 HSS - Sunburst, 4100.72,https://images.tcdn.com.br/img/img_prod/1139574/guitarra_tagima_brasil_t805_hss_sunburst_16779_1_873c11a6bfde1ad10c2aa0cca0cac4c3.jpg
Guitarra Tagima Brasil T805 HSS Branco Olímpico, 4100.72,https://images.tcdn.com.br/img/img_prod/1139574/guitarra_tagima_brasil_t805_hss_branco_olimpico_16775_1_b922c202f450a5c1553ef6a2f9f38e54.jpg
Guitarra Epiphone Les Paul Classic - Worn Heritage Cherry Sunburst, 6240.27,https://images.tcdn.com.br/img/img_prod/1139574/guitarra_epiphone_les_paul_classic_worn_heritage_cherry_sunburst_16771_1_8c3af0ca751e7ff790521f2ea82e4951.jpg
Guitarra Epiphone Les Paul SL - Heritage Cherry Sunburst, 1591.60,https://images.tcdn.com.br/img/img_prod/1139574/guitarra_epiphone_les_paul_sl_heritage_cherry_sunburst_16747_1_6c6ed0cfd27f82ec35af1ac7a535a979.png
Guitarra Tagima Brasil Stella - Preta, 4448.39,https://images.tcdn.com.br/img/img_prod/1139574/guitarra_tagima_brasil_stella_preta_16723_2_8bf07d34ca23b4cce181e213a5f68609.jpeg
Guitarra SX SST62 Vintage Strato - Preta, 1461.94,https://images.tcdn.com.br/img/img_prod/1139574/guitarra_sx_sst62_vintage_strato_preta_16721_1_d082b40b95a4870a59ba733c7b4450d5.png
Guitarra Strinberg STS100 Strato - Sunburst, 927.05,https://images.tcdn.com.br/img/img_prod/1139574/guitarra_strinberg_sts100_sunburst_16717_1_966e0f62ac095fef55a76e470da6d9a0.jpg
Guitarra Michael GM730N Les Paul - Gold, 1140.80,https://images.tcdn.com.br/img/img_prod/1139574/guitarra_michael_gm730n_les_paul_gold_16705_1_e6e03ad28dbcf75ede75e035ccf168d9.jpg
Guitarra Fender Americana Telecaster Special - Sunburst, 10055.80,https://images.tcdn.com.br/img/img_prod/1139574/guitarra_fender_americana_telecaster_special_sunburst_16701_1_e13c996daa032aab003729b9fa327d77.jpg
Guitarra Epiphone Les Paul Muse - Smoke Almond Metallic, 7345.70,https://images.tcdn.com.br/img/img_prod/1139574/guitarra_epiphone_les_paul_muse_smoke_almond_metallic_16697_3_05fc5618347614da16f36c5aecf57b4d.jpg
Guitarra SX SST62 Strato - Branco Vintage, 1461.94,https://images.tcdn.com.br/img/img_prod/1139574/guitarra_sx_sst62_strato_branco_vintage_16629_1_34411bb8cfb6ca558b684076953989a1.jpg
Guitarra Strinberg STS100 Strato - Cherry Burst, 927.05,https://images.tcdn.com.br/img/img_prod/1139574/guitarra_strinberg_sts100_cherry_burst_16619_1_f23b1350f50d3fea850a71a925cf9a57.jpg
Guitarra Michael GM750N Les Paul Strike - Vintage Sunburst, 1907.68,https://images.tcdn.com.br/img/img_prod/1139574/guitarra_michael_gm750n_les_paul_strike_vintage_sunburst_16599_1_72b24c00a5d75b121ef40f4a35a0d051.jpg
Guitarra Infantil Michael Júnior GM219N - Preta, 891.39,https://images.tcdn.com.br/img/img_prod/1139574/guitarra_infantil_michael_junior_gm219n_preta_16589_1_25a6b62cc54598e41e39bbfb435c268a.jpg
Guitarra Epiphone Flying V - Ebony, 8700.75,https://images.tcdn.com.br/img/img_prod/1139574/guitarra_epiphone_flying_v_ebony_16567_3_96e179fff39dfcee444f98e850fa98e8.jpg
Guitarra Tagima Brasil Stella - Sonic Blue, 4448.39,https://images.tcdn.com.br/img/img_prod/1139574/guitarra_tagima_brasil_stella_sonic_blue_16417_1_77bf0c99550548622d5686b28a1704ac.jpg
Guitarra SX SST62 Strato - Vintage Azul, 1461.94,https://images.tcdn.com.br/img/img_prod/1139574/guitarra_sx_sst62_strato_vintage_azul_16403_1_7a7e574f448b5b89102eaf98324f980b.jpg
Guitarra SX SST57 Vintage Series - Branco Vintage, 1479.76,https://images.tcdn.com.br/img/img_prod/1139574/guitarra_sx_sst57_vintage_series_branco_vintage_16395_1_f93efd7a86173236ff9cbaa789a6c442.jpg
Guitarra Strinberg STS100 Strato - Vermelha, 927.05,https://images.tcdn.com.br/img/img_prod/1139574/guitarra_strinberg_sts100_vermelha_16383_1_4e090d9a2f8740d5e0f4d96a2895d4e5.jpg
Guitarra Strinberg STS100 Preta, 927.05,https://images.tcdn.com.br/img/img_prod/1139574/guitarra_strinberg_sts100_preta_16377_1_611e0df2af760bfe95898ac485fbf548.jpg
Guitarra Strinberg STS100 Strato - Azul Metálico, 927.05,https://images.tcdn.com.br/img/img_prod/1139574/guitarra_strinberg_sts100_azul_metalico_16371_1_50fc85d8bf61b1ddd9fad59944f9532f.jpg
Guitarra Strinberg LPS230 Les Paul - Sunburst, 1551.08,https://images.tcdn.com.br/img/img_prod/1139574/guitarra_strinberg_lps230_les_paul_sunburst_16369_1_c7fbfaadc91d7c9bc53a9e54fa8211d1.jpg
Guitarra Michael GM750N Les Paul Strike - Gold, 1907.68,https://images.tcdn.com.br/img/img_prod/1139574/guitarra_michael_gm750n_les_paul_strike_gold_16329_1_f705d9568ea35b2b3ab24c331a18032c.jpg
Guitarra Michael GM227N Advanced - Creme, 1051.85,https://images.tcdn.com.br/img/img_prod/1139574/guitarra_michael_gm227n_advanced_creme_16323_1_8fd680942e04cb9f1b53ceac28ee5642.jpg
Guitarra Michael GM385N Telecaster Slide - Vintage Sunburst, 750.05,https://images.tcdn.com.br/img/img_prod/1139574/guitarra_michael_gm385n_telecaster_slide_vintage_sunburst_16319_1_0249e9e465c610eb15be09b555480f15.jpg
Guitarra Michael GM385N Telecaster Slide - Metallic Black, 1123.17,https://images.tcdn.com.br/img/img_prod/1139574/guitarra_michael_gm385n_telecaster_slide_metallic_black_16315_1_b46c4e3639a55bd605bf7e840d75b1be.jpg
Guitarra Epiphone Les Paul Standard 60s - Ebony, 8611.60,https://images.tcdn.com.br/img/img_prod/1139574/guitarra_epiphone_les_paul_standard_60s_ebony_16247_3_ead5640cddc23bde7db47f241cb11a27.jpg
Guitarra Epiphone Les Paul Muse - Wanderlust Green Metallic, 7345.70,https://images.tcdn.com.br/img/img_prod/1139574/guitarra_epiphone_les_paul_muse_wanderlust_green_metallic_16237_3_c546e5983c7ebe0204539ac6d4496689.jpg
Guitarra Epiphone Les Paul Classic - Worn Ebony, 6240.27,https://images.tcdn.com.br/img/img_prod/1139574/guitarra_epiphone_les_paul_classic_worn_ebony_16229_1_72c0edfd6bffbcfe2834d797375ce736.jpg
Guitarra PHX Strato Vintage ST2 - Pink, 1212.32,
Guitarra Epiphone Les Paul Classic - Honey Burst, 7310.04,https://images.tcdn.com.br/img/img_prod/1139574/guitarra_epiphone_les_paul_classic_honey_burst_16569_3_b7358fd0a3c7c83bfe8bc6469e4ea7bb.jpg
Guitarra Seizi Katana Musashi HSS - Titanium, 1961.16,https://images.tcdn.com.br/img/img_prod/1139574/guitarra_seizi_katana_musashi_hss_titanium_27009_1_5a27ac778aed7125a21d0ccec558034d.jpg
Guitarra Infantil Michael Júnior GM219N - Metallic Blue, 891.39,https://images.tcdn.com.br/img/img_prod/1139574/guitarra_infantil_michael_junior_gm219n_metallic_blue_26567_1_955b642aa57634a0c4dc95bf835e19b1.jpg
Guitarra Vintage Reissued V100 IT Les Paul Ice Tea, 4660.12,https://images.tcdn.com.br/img/img_prod/1139574/guitarra_vintage_reissued_v100_it_les_paul_ice_tea_16933_1_4512afc6a6399e00bfdd31736f14445e.jpg
Guitarra Epiphone SG Special VE - Vintage Worn Walnut,,https://images.tcdn.com.br/img/img_prod/1139574/guitarra_epiphone_sg_special_ve_vintage_worn_walnut_27025_1_6995a741a59cb064b324d4bc1908fb57.jpeg
Guitarra Seizi Vintage Budokan HSS - Black Gold, 1961.16,https://images.tcdn.com.br/img/img_prod/1139574/guitarra_seizi_vintage_budokan_hss_black_gold_27011_1_e93a42dc1a8e55075a9e857de2d0dc4b.jpg
Guitarra EWA EWR20 Strato - Branca, 1247.98,https://images.tcdn.com.br/img/img_prod/1139574/guitarra_ewa_ewr20_strato_branca_26904_1_aad36ef6bb0844ad53db1454551fa6ca.jpg
Guitarra EWA EWR10 Strato - Sunburst, 1087.51,https://images.tcdn.com.br/img/img_prod/1139574/guitarra_ewa_ewr10_strato_sunburst_26669_1_06bcb8b753682a13684332d63a9dfbc7.jpg
Guitarra Tagima Brasil Stella - Preta, 4733.67,https://images.tcdn.com.br/img/img_prod/1139574/guitarra_tagima_brasil_stella_preta_26626_1_36da94321679dcdb34b76ffb538b0d37.jpg
Guitarra Tagima Brasil Stella H2 - Deep Purple Sparkle, 4448.39,https://images.tcdn.com.br/img/img_prod/1139574/guitarra_tagima_brasil_stella_h2_deep_purple_sparkle_26622_1_e2e96e92b1e0c0449fa02f36eabd768f.jpg
Guitarra Vintage Reissued V100 AW Les Paul Artic White, 4660.12,https://images.tcdn.com.br/img/img_prod/1139574/guitarra_vintage_reissued_v100_aw_les_paul_artic_white_16949_1_3376fae46daa85d447ef06bb5796144b.jpg
Guitarra Vintage V100 PGM Flamed Maple, 1961.16,https://images.tcdn.com.br/img/img_prod/1139574/guitarra_vintage_v100_pgm_flamed_maple_16947_1_65ffaefee836904f46c2af99f9017cf3.jpg
Guitarra Yamaha Revstar RS320 Red Copper, 1560.00,https://images.tcdn.com.br/img/img_prod/1139574/guitarra_yamaha_revstar_rs320_red_copper_16945_1_ae7e56e1fe489b581b7d1b9b976015ae.jpg
Guitarra Yamaha Pacifica PAC012 - Preta, 1560.00,https://images.tcdn.com.br/img/img_prod/1139574/guitarra_yamaha_pacifica_pac012_preta_16939_1_55a496c3a0741894e340901dccd020ca.jpg
Guitarra Tagima TG530 Woodstock - Vermelho Metálico, 1141.00,https://images.tcdn.com.br/img/img_prod/1139574/guitarra_tagima_tg530_woodstock_vermelho_metalico_16917_2_49a3cb0380fe449123544eaf4b8806d9.jpg
Guitarra Tagima TG530 Woodstock - Preta, 1141.00,https://images.tcdn.com.br/img/img_prod/1139574/guitarra_tagima_tg530_woodstock_preta_16891_1_3ee8be924dc28fd0f602d2ffbca58d84.jpg
Guitarra Tagima TG500 Woodstock - Branco Olímpico, 4100.72,https://images.tcdn.com.br/img/img_prod/1139574/guitarra_tagima_tg500_branco_olimpico_16877_1_00bc8ce428b34a89e8559b4476e4f8d2.jpg
Guitarra Tagima TG530 Woodstock Frozen White, 1141.00,https://images.tcdn.com.br/img/img_prod/1139574/guitarra_tagima_tg530_woodstock_frozen_white_16873_1_43eb4cde239a81e85e6e3ae13bc2bc91.jpg
Guitarra Tagima TG520 Woodstock - Metallic Surf Green, 1212.32,https://images.tcdn.com.br/img/img_prod/1139574/guitarra_tagima_tg520_woodstock_metallic_surf_green_16867_1_03cd291f41e3986d14f352396ed2b612.jpg
Guitarra Tagima T805 HSS Branco Vintage, 4100.72,https://images.tcdn.com.br/img/img_prod/1139574/guitarra_tagima_t805_hss_branco_vintage_16851_1_30e3b9f72d98eebba01876798107d77f.jpg
Guitarra Tagima T635 Classic Verde Pastel, 1916.59,https://images.tcdn.com.br/img/img_prod/1139574/guitarra_tagima_t635_classic_verde_pastel_16847_1_585283470d3af69ad7fa8f55f81c0578.jpg
Guitarra Tagima T635 Classic Preta, 1916.59,https://images.tcdn.com.br/img/img_prod/1139574/guitarra_tagima_t635_classic_preta_16833_1_776de0b7ccdd8f9c6548b9ec44ed84df.jpg
Guitarra Tagima T635 Classic Metallic Red, 1916.59,https://images.tcdn.com.br/img/img_prod/1139574/guitarra_tagima_t635_classic_metallic_red_16829_1_4aa183dfd878fa122e174391e96f5fa0.jpg
Guitarra Tagima Classic Stella NTM - Mahogany Satin, 4448.39,https://images.tcdn.com.br/img/img_prod/1139574/guitarra_tagima_stella_ntm_classic_mahogany_satin_16827_2_ff2f5898c51d30de9282062eb5b239cd.jpg
Guitarra Tagima T635 Classic Branca Vintage, 1916.59,https://images.tcdn.com.br/img/img_prod/1139574/guitarra_tagima_t635_classic_branca_vintage_16825_1_3f3b5c7f1dadd0d414a70300dc17c090.jpg
Guitarra Tagima SemiAcústica Blues 3000 Vinho,,https://images.tcdn.com.br/img/img_prod/1139574/guitarra_tagima_semiacustica_blues_3000_vinho_16823_1_ed817c62138d00544556e3e54bf8cb74.jpg
Guitarra Tagima SemiAcústica Blues 3000 Sunburst, 1381.70,https://images.tcdn.com.br/img/img_prod/1139574/guitarra_tagima_semiacustica_blues_3000_sunburst_16817_1_79ffea042bb45f0468bc8e6b1e174021.jpg
Guitarra Tagima New Blues Marcinho Eiras Signature Fade Metallic Blue,,https://images.tcdn.com.br/img/img_prod/1139574/guitarra_tagima_new_blues_marcinho_eiras_signature_fade_metallic_blue_16815_1_fdf9b8d0fa235e8594dfa7ea83719d92.jpg
Guitarra Tagima Jet Rocker Preta,,https://images.tcdn.com.br/img/img_prod/1139574/guitarra_tagima_jet_rocker_preta_16813_1_ce1771e41bf3997832af6b41e1a9c5cb.jpg
Guitarra Tagima Jet Blues Metallic Red,,https://images.tcdn.com.br/img/img_prod/1139574/guitarra_tagima_jet_blues_metallic_red_16811_1_0c9518484d6894ae80cc61789f81cbab.jpg
Guitarra Tagima Jet Rocker Branco Vintage, 1533.25,https://images.tcdn.com.br/img/img_prod/1139574/guitarra_tagima_jet_rocker_branco_vintage_16807_1_e057782e24da669d7e0b4f834a4a9cc3.jpg
Guitarra Tagima Grace70 Cacau Santos Signature Honey Burst, 4733.67,https://images.tcdn.com.br/img/img_prod/1139574/guitarra_tagima_grace70_cacau_santos_signature_honey_burst_16799_1_bc5904a90017367d099e7c231211a503.jpg
Guitarra Tagima Brasil T805 HSS Vermelho Metálico, 4100.72,https://images.tcdn.com.br/img/img_prod/1139574/guitarra_tagima_brasil_t805_hss_vermelho_metalico_16793_1_aee848fef184cff12cdb32f689554bc3.jpg
Guitarra Tagima Brasil T855 Telecaster Azul Metálico Vintage, 1328.21,https://images.tcdn.com.br/img/img_prod/1139574/guitarra_tagima_brasil_t855_telecaster_azul_metalico_vintage_16791_1_5627fc0e1a4c826810fda70e487e63d0.jpg
Guitarra Tagima Brasil T805 HSS Preta, 4100.72,https://images.tcdn.com.br/img/img_prod/1139574/guitarra_tagima_brasil_t805_hss_preta_16783_1_751ac78da2c0c88345076b2e58f9ca91.jpg
Guitarra Tagima Brasil T805 HSS - Branco Olímpico, 4100.72,https://images.tcdn.com.br/img/img_prod/1139574/guitarra_tagima_brasil_t805_hss_branco_olimpico_16773_1_a7a8fc88f029d948ed34a529aeab4d5c.jpg
Guitarra Squier by Fender Classic Vibe 60s Stratocaster Sunburst,,https://images.tcdn.com.br/img/img_prod/1139574/guitarra_squier_by_fender_classic_vibe_60s_stratocaster_sunburst_16755_1_f96a08e5ff242ab7b8e6855e3af17372.jpg
Guitarra Ibanez Jem Jr SP Signature Steve Vai,,https://images.tcdn.com.br/img/img_prod/1139574/guitarra_ibanez_jem_jr_sp_signature_steve_vai_16751_1_97b2f989274f36c9fc91402cbb9202b6.jpg
Guitarra Squier by Fender Standard Stratocaster Canhoto Antique Burst,,https://images.tcdn.com.br/img/img_prod/1139574/guitarra_squier_by_fender_standard_stratocaster_canhoto_antique_burst_16713_1_5298e23785a0918946fc61c0cc5b39f8.jpg
Guitarra Strinberg LPS200 Les Paul Sunburst, 1265.81,https://images.tcdn.com.br/img/img_prod/1139574/guitarra_strinberg_lps200_les_paul_sunburst_16711_1_867146402aa4ec0595b76eb5d447b136.jpg
Guitarra SX SST57 Vintage Séries Canhoto Preta, 1479.76,https://images.tcdn.com.br/img/img_prod/1139574/guitarra_sx_sst57_vintage_series_canhoto_preta_16627_1_250a610c47c00bd9f2ef17ba88ab31e3.jpg
Guitarra SX SST57 Vintage Séries Preta, 1479.76,https://images.tcdn.com.br/img/img_prod/1139574/guitarra_sx_sst57_vintage_series_preta_16625_1_6fb06fa12444f59750b8be513b3a4518.jpg
Guitarra Michael GM730N Les Paul Cherry Sunburst, 1140.80,https://images.tcdn.com.br/img/img_prod/1139574/guitarra_michael_gm730n_les_paul_cherry_sunburst_16595_1_6b4285c12e9e272572c25227babbb3ff.jpg
Guitarra Ibanez GRG250M Amarela,,https://images.tcdn.com.br/img/img_prod/1139574/guitarra_ibanez_grg250m_amarela_16593_1_f2a7f43b18e27ba2791dc7301db98acf.jpg
Guitarra Fender Standard Telecaster 014 5102 Artic White,,https://images.tcdn.com.br/img/img_prod/1139574/guitarra_fender_standard_telecaster_014_5102_artic_white_16587_1_62b6c9bae1853224fcdcb2b6616e4fb9.jpg
Guitarra Fender Mexicana Standard Stratocaster Arctic White,,https://images.tcdn.com.br/img/img_prod/1139574/guitarra_fender_mexicana_standard_stratocaster_arctic_white_16583_1_2e5aba96d5d619dde21633d9447d8d70.jpg
Guitarra Epiphone Les Paul Standard 60s - Bourbon Burst, 8611.60,https://images.tcdn.com.br/img/img_prod/1139574/guitarra_epiphone_les_paul_standard_60s_bourbon_burst_16575_3_e5c98d75d33fa837da22024b46419dd8.jpg
Guitarra Tagima Brasil Chameleon Signature Mello JR, 4448.39,https://images.tcdn.com.br/img/img_prod/1139574/guitarra_tagima_brasil_chameleon_signature_mello_jr_16411_1_55327de9d348fe9db61c00fc8cc64b88.jpg
Guitarra SX SST62 Vintage Strato Sunburst, 1461.94,https://images.tcdn.com.br/img/img_prod/1139574/guitarra_sx_sst62_vintage_strato_sunburst_16405_1_f8a64e01a1c334d42526a799631ca1f2.jpg
Guitarra SX SST62 Strato Vintage 3TS, 1461.94,https://images.tcdn.com.br/img/img_prod/1139574/guitarra_sx_sst62_strato_vintage_3ts_16399_1_99e597835c60a0787d2b5ab0088a130e.jpg
Guitarra SX SST57 Vintage Séries Sunburst, 1479.76,https://images.tcdn.com.br/img/img_prod/1139574/guitarra_sx_sst57_vintage_series_sunburst_16391_1_88fc45b164b3b2339193687f2975baed.jpg
Guitarra Squier by Fender Affinity Stratocaster Color Sunburst,,https://images.tcdn.com.br/img/img_prod/1139574/guitarra_squier_by_fender_affinity_stratocaster_color_sunburst_16355_1_386395df652276427d832012ccdc601a.jpg
Guitarra Michael GM757N Les Paul Strike Custom Yellow Sunburst, 1907.68,https://images.tcdn.com.br/img/img_prod/1139574/guitarra_michael_gm757n_les_paul_strike_custom_yellow_sunburst_16333_1_ba336507dd1003b8633814c3997e607b.jpg
Guitarra Michael GM750 Les Paul Strike Preta, 1907.68,https://images.tcdn.com.br/img/img_prod/1139574/guitarra_michael_gm750_les_paul_strike_preta_16325_1_527648fac5b55d32f537f8e0f9ed02b1.jpg
Guitarra Michael GM222N Strato Stonehenge Vintage Sunburst, 750.05,https://images.tcdn.com.br/img/img_prod/1139574/guitarra_michael_gm222n_strato_stonehenge_vintage_sunburst_16313_1_7d9865ce6d084fb526f8797ddb5475f7.jpg
Guitarra Michael GM222N Strato Stonehenge Sunburst Black, 927.05,https://images.tcdn.com.br/img/img_prod/1139574/guitarra_michael_gm222n_strato_stonehenge_sunburst_black_16309_1_f0e4278b513204ea6530c0d26168740a.jpg
Guitarra Infantil Michael Júnior GM219N - Vermelha, 891.39,https://images.tcdn.com.br/img/img_prod/1139574/guitarra_infantil_michael_junior_gm219n_vermelha_16303_1_274dc775b7cb098c005a64b7a3e37689.jpg
Guitarra Ibanez RGA 42FM Blue Lagoon Burst Flat,,https://images.tcdn.com.br/img/img_prod/1139574/guitarra_ibanez_rga_42fm_blue_lagoon_burst_flat_16299_1_0073234a9ee8e5fe7579169783a5827a.jpg
Guitarra Ibanez RG370 AHMZ Blue Moon Burst,,https://images.tcdn.com.br/img/img_prod/1139574/guitarra_ibanez_rg370_ahmz_blue_moon_burst_16297_1_f4463688e8ae6f75493cebe693814cf4.jpg
Guitarra Ibanez RG350 DXZ Branca,,https://images.tcdn.com.br/img/img_prod/1139574/guitarra_ibanez_rg350_dxz_branca_16295_1_e795d4f747933692086ec4f3c4d762a9.jpg
Guitarra Ibanez GRX 70QA - Transparent Red Burst,,https://images.tcdn.com.br/img/img_prod/1139574/guitarra_ibanez_grx_70qa_transparent_red_burst_16289_1_fb918831c021c91565623637d3df2e3b.jpg
Guitarra Fender Standard Telecaster 014 5102 Butterscotch Blonde,,https://images.tcdn.com.br/img/img_prod/1139574/guitarra_fender_standard_telecaster_014_5102_butterscotch_blonde_16285_1_304cb5b8a8df457805271d910f8e9958.jpg
Guitarra Fender Standard Stratocaster 014 4603 Brown Sunburst,,https://images.tcdn.com.br/img/img_prod/1139574/guitarra_fender_standard_stratocaster_014_4603_brown_sunburst_16283_1_468e9768f815eeb23bd86873331ea495.jpg
Guitarra Fender Standard Stratocaster 014 4602 Candy Apple Red,,https://images.tcdn.com.br/img/img_prod/1139574/guitarra_fender_standard_stratocaster_014_4602_candy_apple_red_16279_6_969f2b1657e8ce29697aa1bde3086b41.jpeg
Guitarra Fender Standard Stratocaster 014 4600 Preta,,https://images.tcdn.com.br/img/img_prod/1139574/guitarra_fender_standard_stratocaster_014_4600_preta_16275_2_f3e5fe91fa06480478957a287f78db95.jpg
Guitarra Fender Mexicana Standard Telecaster Brown Sunburst, 10055.80,https://images.tcdn.com.br/img/img_prod/1139574/guitarra_fender_mexicana_standard_telecaster_brown_sunburst_16271_1_f8fa2cbf7fb324a7512bb9a82e680ed1.jpg
Guitarra Epiphone SG Special VE - Vintage Worn Cherry,,https://images.tcdn.com.br/img/img_prod/1139574/guitarra_epiphone_sg_special_ve_vintage_worn_cherry_16255_1_3fdcf82dd9df066bde8c611c42cbf948.jpg
Guitarra Epiphone SG Special Killpot - Preta,,https://images.tcdn.com.br/img/img_prod/1139574/guitarra_epiphone_sg_special_killpot_preta_16253_1_5052a53e749f1b7f48848df30b522cd3.jpg
Guitarra Epiphone Les Paul Studio E1 - Walnut, 8611.60,https://images.tcdn.com.br/img/img_prod/1139574/guitarra_epiphone_les_paul_studio_e1_walnut_16249_1_9008a7eee683620a8f964e284fb33c21.jpg
Guitarra Epiphone Les Paul Special VE - Cherry Vintage, 1591.60,https://images.tcdn.com.br/img/img_prod/1139574/guitarra_epiphone_les_paul_special_ve_cherry_vintage_16243_1_135130bd17d273309efa7927ea03a8bc.jpg
Guitarra Epiphone Les Paul Classic - Worn Metallic Gold, 6240.27,https://images.tcdn.com.br/img/img_prod/1139574/guitarra_epiphone_les_paul_classic_worn_metallic_gold_16231_1_b3349fe675431d64c02fb303fa27b6f4.jpg
Guitarra Epiphone G400 SG Faded - Worn Cherry, 6240.27,https://images.tcdn.com.br/img/img_prod/1139574/guitarra_epiphone_g400_sg_faded_worn_cherry_16225_1_b43c9c50195e56a0af4c4689bdb5b3c3.jpg
Guitarra Epiphone by Gibson Special VE - Preta,,https://images.tcdn.com.br/img/img_prod/1139574/guitarra_epiphone_by_gibson_special_ve_preta_16219_1_4f0962b9de40a449fb3c2543cd4e9e4a.jpg
Guitarra Epiphone by Gibson Les Paul Special VE - Heritage Cherry Sunburst, 1591.60,https://images.tcdn.com.br/img/img_prod/1139574/guitarra_epiphone_by_gibson_les_paul_special_ve_heritage_cherry_sunburst_16217_3_0cb9560b02f16b7b946d0297bd1d84a2.jpg
Guitarra Tagima TG530 Woodstock Lake Placid Blue, 1141.00,https://images.tcdn.com.br/img/img_prod/1139574/guitarra_tagima_tg530_woodstock_lake_placid_blue_16903_1_31ac4a1ee2974e04501c4539d9abfc89.jpg
Guitarra Tagima Brasil T855 Telecaster Branca Vintage, 1328.21,https://images.tcdn.com.br/img/img_prod/1139574/guitarra_tagima_brasil_t855_telecaster_branca_vintage_16803_1_5d985510a8424304bd17e8a8aa802971.jpg
